,TagID,Tag
0,0,data
1,1,c#
2,2,winforms
3,3,type-conversion
4,4,decimal
5,5,opacity
6,6,html
7,7,css
8,8,css3
9,9,internet-explorer-7
10,10,code-generation
11,11,j#
12,12,visualj#
13,13,.net
14,14,datetime
15,15,datediff
16,16,relative-time-span
17,17,javascript
18,18,browser
19,19,timezone
20,20,timezoneoffset
21,21,linq
22,22,web-services
23,23,.net-3.5
24,24,mysql
25,25,database
26,26,binary-data
27,27,data-storage
28,28,performance
29,29,algorithm
30,30,language-agnostic
31,31,unix
32,32,pi
33,33,php
34,34,triggers
35,35,c++
36,36,c
37,37,sockets
38,38,mainframe
39,39,zos
40,40,actionscript-3
41,41,flex
42,42,bytearray
43,43,sql
44,44,sql-server
45,45,datatable
46,46,rdbms
47,47,vb.net
48,48,timer
49,49,inversion-of-control
50,50,structuremap
51,51,alt.net
52,52,plugins
53,53,architecture
54,54,hook
55,55,form-submit
56,56,html-form
57,57,submit-button
58,58,office-2007
59,59,file-type
60,60,ruby
61,61,rdoc
62,62,eclipse
63,63,svn
64,64,aptana
65,65,subclipse
66,66,air
67,67,flat-file
68,68,linux
69,69,winapi
70,70,visual-c++
71,71,tortoisesvn
72,72,branch
73,73,branching-and-merging
74,74,memory-leaks
75,75,com-interop
76,76,windows
77,77,64bit
78,78,ascii
79,79,hex
80,80,asp.net
81,81,sitemap
82,82,java
83,83,xml
84,84,csv
85,85,data-conversion
86,86,oop
87,87,theory
88,88,sql-server-2005
89,89,bcp
90,90,xsd
91,91,tools
92,92,website
93,93,sysadmin
94,94,webmaster
95,95,compression
96,96,decompression
97,97,apache
98,98,logging
99,99,download
100,100,analytics
101,101,versioning
102,102,embed
103,103,media
104,104,version-control
105,105,printing
106,106,youtube
107,107,reverse-engineering
108,108,virtualhost
109,109,pdf
110,110,colors
111,111,color-space
112,112,coding-style
113,113,styles
114,114,convention
115,115,notation
116,116,internationalization
117,117,globalization
118,118,migration
119,119,search
120,120,filesystems
121,121,ext3
122,122,zfs
123,123,stackoverflow
124,124,tags
125,125,t
126,126,hardware
127,127,hdd
128,128,arrays
129,129,cloud
130,130,tag-cloud
131,131,mailto
132,132,git
133,133,github
134,134,dvcs
135,135,sqlite
136,136,forms
137,137,scripting
138,138,compiler-construction
139,139,gtk
140,140,x11
141,141,berkeley-db
142,142,collaboration
143,143,visual-studio
144,144,belongs-on-uservoice
145,145,sorting
146,146,dictionary
147,147,oracle
148,148,reputation
149,149,security
150,150,class
151,151,nested-class
152,152,types
153,153,python
154,154,string
155,155,cross-platform
156,156,ant
157,157,build-process
158,158,phing
159,159,email
160,160,email-spam
161,161,hacking
162,162,game-development
163,163,generics
164,164,warnings
165,165,casting
166,166,type-safety
167,167,lucene
168,168,vb6
169,169,vb6-migration
170,170,iphone
171,171,objective-c
172,172,code-review
173,173,guidelines
174,174,hash
175,175,exploit
176,176,gravatar
177,177,com
178,178,internet-explorer
179,179,windows-mobile
180,180,pocketpc
181,181,windows-services
182,182,scheduled-tasks
183,183,interview-questions
184,184,code-golf
185,185,rosetta-stone
186,186,fizzbuzz
187,187,ruby-on-rails
188,188,http
189,189,openid
190,190,osx
191,191,fonts
192,192,photoshop
193,193,data-binding
194,194,design
195,195,image
196,196,beta
197,197,crash
198,198,untagged
199,199,continuous-integration
200,200,extreme-programming
201,201,authentication
202,202,article
203,203,books
204,204,polls
205,205,unit-testing
206,206,testing
207,207,medium-trust
208,208,integer
209,209,int
210,210,deployment
211,211,release-management
212,212,exchange-server
213,213,webdav
214,214,mapi
215,215,cx-oracle
216,216,random
217,217,compatibility
218,218,windows-nt
219,219,gui
220,220,api
221,221,application
222,222,primes
223,223,lambda
224,224,proc
225,225,meta-question
226,226,compiz
227,227,metacity
228,228,iis
229,229,active-directory
230,230,encryption
231,231,passwords
232,232,open-source
233,233,operating-system
234,234,iteration
235,235,keyboard
236,236,productivity
237,237,peripherals
238,238,odbc
239,239,db2
240,240,ibm-midrange
241,241,ide
242,242,code-completion
243,243,wing-ide
244,244,embedded-database
245,245,oledb
246,246,legacy
247,247,visual-foxpro
248,248,mapping
249,249,gis
250,250,django
251,251,views
252,252,format
253,253,title-case
254,254,reflection
255,255,simulation
256,256,poker
257,257,montecarlo
258,258,date
259,259,postgresql
260,260,bpgsql
261,261,math
262,262,linear-algebra
263,263,system
264,264,linear-equation
265,265,object-database
266,266,asp-classic
267,267,sftp
268,268,registry
269,269,installation
270,270,left-join
271,271,msbuild
272,272,cruisecontrol.net
273,273,dvorak
274,274,qwerty
275,275,colemak
276,276,xslt
277,277,documentation
278,278,sandcastle
279,279,xml-comments
280,280,variables
281,281,pass-by-reference
282,282,pass-by-value
283,283,debugging
284,284,phpstorm
285,285,xdebug
286,286,unicode
287,287,localization
288,288,text
289,289,windows-server-2003
290,290,frameworks
291,291,loops
292,292,connection
293,293,escaping
294,294,social
295,295,irc
296,296,exception
297,297,exception-handling
298,298,conferences
299,299,twitter
300,300,methods
301,301,monkeypatching
302,302,cookies
303,303,yahoo
304,304,vi
305,305,ip
306,306,lookup
307,307,country
308,308,flash
309,309,adobe
310,310,macromedia
311,311,file-locking
312,312,regex
313,313,indexing
314,314,full-text-search
315,315,floating-point
316,316,opengl
317,317,3d
318,318,directx
319,319,sofaq
320,320,folksonomy
321,321,tagclouds
322,322,multithreading
323,323,memory
324,324,size
325,325,abuse
326,326,artificial-intelligence
327,327,bayesian
328,328,free
329,329,ocr
330,330,try-catch
331,331,database-indexes
332,332,account
333,333,chm
334,334,winhelp
335,335,malloc
336,336,data-structures
337,337,graph
338,338,web-applications
339,339,dns
340,340,subdomain
341,341,safari
342,342,viewstate
343,343,hacks
344,344,hyperlink
345,345,powerpoint
346,346,csla
347,347,training-events
348,348,parsing
349,349,cvs
350,350,database-performance
351,351,etiquette
352,352,meta
353,353,xss
354,354,sql-injection
355,355,collections
356,356,queue
357,357,nant
358,358,io
359,359,filelock
360,360,curses
361,361,audio
362,362,rockbox
363,363,file
364,364,utilities
365,365,gtd
366,366,glossary
367,367,nhibernate
368,368,orm
369,369,subsonic
370,370,parallel-processing
371,371,windows-server-2008
372,372,validation
373,373,ipodtouch
374,374,xampp
375,375,server-configuration
376,376,http-authentication
377,377,permissions
378,378,parameters
379,379,error-handling
380,380,ajax
381,381,url
382,382,rest
383,383,address-bar
384,384,syntax
385,385,binary
386,386,literals
387,387,vim
388,388,emacs
389,389,editor
390,390,favicon
391,391,apple-touch-icon
392,392,wpf
393,393,silverlight
394,394,polymorphism
395,395,dependency-properties
396,396,software-engineering
397,397,wordpress
398,398,blogs
399,399,education
400,400,ssh
401,401,bash
402,402,shell
403,403,command-line
404,404,terminal
405,405,sql-server-2008
406,406,usb
407,407,sata
408,408,xfdl
409,409,projects-and-solutions
410,410,http-status-code-404
411,411,jeff-atwood
412,412,badge
413,413,podcast
414,414,removed
415,415,statistics
416,416,spss
417,417,duplicate
418,418,profile
419,419,shockwave
420,420,lingo
421,421,application-integration
422,422,resources
423,423,protocol-buffers
424,424,html-parsing
425,425,preg-replace
426,426,outsourcing
427,427,ternary-operator
428,428,community
429,429,conways-game-of-life
430,430,development-environment
431,431,scheduling
432,432,organizing
433,433,mouse
434,434,image-processing
435,435,data-dictionary
436,436,anchor
437,437,quotes
438,438,music
439,439,trolling
440,440,import
441,441,maps
442,442,latitude-longitude
443,443,ergonomics
444,444,health
445,445,rsi
446,446,carpal-tunnel
447,447,self-improvement
448,448,asp.net-mvc
449,449,ios
450,450,linq-to-sql
451,451,datacontext
452,452,stored-procedures
453,453,cpu
454,454,throttle
455,455,list
456,456,tuples
457,457,macros
458,458,lisp
459,459,double
460,460,project-hosting
461,461,training
462,462,delphi
463,463,dll
464,464,tdd
465,465,rss
466,466,design-patterns
467,467,model-view-controller
468,468,user-interface
469,469,mvp
470,470,coldfusion
471,471,code-coverage
472,472,for-loop
473,473,checkbox
474,474,icons
475,475,freeware
476,476,optimization
477,477,.net-2.0
478,478,clr
479,479,swing
480,480,jbutton
481,481,web-controls
482,482,master-pages
483,483,bdd
484,484,if-statement
485,485,build-automation
486,486,cairngorm
487,487,interop
488,488,raid5
489,489,dataset
490,490,resharper
491,491,url-rewriting
492,492,url-routing
493,493,rewrite
494,494,backup
495,495,amazon
496,496,amazon-s3
497,497,mozy
498,498,wuala
499,499,contribute
500,500,mvc
501,501,vbscript
502,502,powerbuilder
503,503,ftp
504,504,webserver
505,505,asp.net-ajax
506,506,textwrangler
507,507,traveling-salesman
508,508,cs101
509,509,keyboard-shortcuts
510,510,sqa
511,511,haskell
512,512,functional-programming
513,513,monads
514,514,controls
515,515,tabs
516,516,struct
517,517,binaryfiles
518,518,graphics
519,519,overclocking
520,520,sql-server-2000
521,521,agile
522,522,not-tagged
523,523,binary-search-tree
524,524,concurrency
525,525,progressive-enhancement
526,526,database-design
527,527,diagram
528,528,visual-studio-2008
529,529,obfuscation
530,530,treeview
531,531,contextmenu
532,532,autocomplete
533,533,forum
534,534,video
535,535,payment
536,536,excel
537,537,grid
538,538,clipboard
539,539,text-editor
540,540,powershell
541,541,cmdlets
542,542,server
543,543,split
544,544,web-development
545,545,server-side
546,546,apihooking
547,547,binaryrewriting
548,548,codepatching
549,549,iat
550,550,group-by
551,551,templates
552,552,hosting
553,553,ksh
554,554,dash
555,555,erlang
556,556,setter
557,557,getter
558,558,verification
559,559,shortcuts
560,560,user-controls
561,561,ubuntu
562,562,virtualization
563,563,xen
564,564,date-conversion
565,565,ado.net
566,566,memory-management
567,567,mono
568,568,google-maps
569,569,google-maps-api-3
570,570,picturebox
571,571,formatting
572,572,for-xml
573,573,curl
574,574,eclipse-plugin
575,575,paging
576,576,printf
577,577,format-specifiers
578,578,long-long
579,579,screen-scraping
580,580,web-scraping
581,581,html-content-extraction
582,582,marshalling
583,583,projects
584,584,popup
585,585,p2p
586,586,jxta
587,587,tkinter
588,588,rgb
589,589,hsl
590,590,ms-office
591,591,modi
592,592,indexing-service
593,593,cracking
594,594,hijacked
595,595,tree
596,596,computer-science
597,597,nslookup
598,598,dynamic-data
599,599,recursion
600,600,usability
601,601,captcha
602,602,perl
603,603,each
604,604,boot
605,605,office-2003
606,606,maintainability
607,607,procedural
608,608,interpreted
609,609,sharepoint
610,610,crossplatform
611,611,reference
612,612,scalar
613,613,vmware
614,614,cron
615,615,settings
616,616,crontab
617,617,teamcity
618,618,mbunit
619,619,diff
620,620,.htaccess
621,621,mod-rewrite
622,622,path
623,623,mappath
624,624,questions
625,625,support
626,626,patterns
627,627,repository-pattern
628,628,fogbugz
629,629,caching
630,630,midi
631,631,signal-processing
632,632,conventions
633,633,complexity-theory
634,634,big-o
635,635,service
636,636,reduce
637,637,language-design
638,638,foreach
639,639,ienumerable
640,640,ienumerator
641,641,pornography
642,642,vpn
643,643,openvpn
644,644,environment
645,645,mac-address
646,646,rhostmush
647,647,softcode
648,648,mush
649,649,sql-update
650,650,iframe
651,651,ssl
652,652,https
653,653,xhtml
654,654,markup
655,655,http-referer
656,656,devforce
657,657,directory
658,658,file-management
659,659,rake
660,660,command-line-interface
661,661,installer
662,662,clickonce
663,663,career-development
664,664,sap
665,665,integration
666,666,upload
667,667,project-management
668,668,devexpress
669,669,issue-tracking
670,670,comparison
671,671,diplomacy
672,672,ram
673,673,best-answer
674,674,onclick
675,675,privileges
676,676,stsadm
677,677,event-viewer
678,678,markdown
679,679,configuration
680,680,storage
681,681,blob
682,682,propertygrid
683,683,windows-installer
684,684,setup
685,685,prototyping
686,686,microsoft
687,687,wmi
688,688,xelement
689,689,innerxml
690,690,replication
691,691,visual-studio-2005
692,692,line-numbers
693,693,audit
694,694,session
695,695,union
696,696,wix
697,697,vdproj
698,698,firefox
699,699,dom
700,700,votes
701,701,
702,702,nullpointerexception
703,703,illegalargumentexception
704,704,tsql
705,705,profiling
706,706,profiler
707,707,lamp
708,708,serial-port
709,709,paradigms
710,710,testdriven.net
711,711,asynchronous
712,712,windows-vista
713,713,smb
714,714,michael-stum
715,715,homework
716,716,multilingual
717,717,java-ee
718,718,websphere
719,719,ear
720,720,merge
721,721,legal
722,722,policy
723,723,static-analysis
724,724,code-snippets
725,725,evaluation
726,726,benchmarking
727,727,file-io
728,728,properties
729,729,offensive
730,730,user
731,731,content-management-system
732,732,streaming
733,733,webcam
734,734,directed-graph
735,735,harddrive
736,736,ssd
737,737,textbox
738,738,cursor
739,739,process-management
740,740,tfs
741,741,voronoi
742,742,messaging
743,743,activemq
744,744,knowledge
745,745,popularity
746,746,formula
747,747,rating
748,748,autoboxing
749,749,mobile
750,750,sms
751,751,mocking
752,752,business-logic-layer
753,753,objectdatasource
754,754,wcf
755,755,soa
756,756,qt
757,757,mfc
758,758,generator
759,759,xul
760,760,xulrunner
761,761,dynamic-sql
762,762,proxy
763,763,rubygems
764,764,ironruby
765,765,wsdl
766,766,windows-xp
767,767,rhino-mocks
768,768,t4
769,769,dsl
770,770,vsx
771,771,enhancements
772,772,fun
773,773,webcomic
774,774,xkcd
775,775,seo
776,776,pinvoke
777,777,intellisense
778,778,xming
779,779,header
780,780,etag
781,781,text-files
782,782,olap
783,783,filehelpers
784,784,delicious-api
785,785,networking
786,786,modem
787,787,qos
788,788,adsl
789,789,welcome
790,790,dct
791,791,mercurial
792,792,c#-2.0
793,793,jni
794,794,java-web-start
795,795,nativelibrary
796,796,moniker
797,797,readinglist
798,798,namespaces
799,799,singleton
800,800,configuration-management
801,801,webforms
802,802,ssp
803,803,microcontroller
804,804,programming-languages
805,805,jquery
806,806,cluster-computing
807,807,reverse-dns
808,808,intervention
809,809,zend-studio
810,810,x86
811,811,recommendation
812,812,assembly
813,813,xml-signature
814,814,ansi
815,815,confirm
816,816,events
817,817,button
818,818,primitive
819,819,cfml
820,820,assemblies
821,821,virtual
822,822,monitor
823,823,schema
824,824,ddl
825,825,ibm
826,826,remoting
827,827,wireless
828,828,menu
829,829,dependency-injection
830,830,culture
831,831,cms
832,832,joomla
833,833,grails
834,834,groovy
835,835,software-tools
836,836,apache2
837,837,svn-hooks
838,838,matlab
839,839,programming-culture
840,840,firebird
841,841,interbase
842,842,postback
843,843,asmx
844,844,jobs
845,845,job-boards
846,846,google
847,847,layout
848,848,standards
849,849,servlets
850,850,javascript-objects
851,851,semantic-markup
852,852,virtual-directory
853,853,gwt
854,854,charts
855,855,reporting-services
856,856,logic
857,857,workflow
858,858,lifecycle
859,859,cmmi
860,860,msf
861,861,membership
862,862,social-networking
863,863,permalink
864,864,zip
865,865,e-commerce
866,866,comments
867,867,sgml
868,868,hungarian-notation
869,869,self-documenting-code
870,870,project-planning
871,871,teamwork
872,872,leader
873,873,community-server
874,874,git-reset
875,875,moss
876,876,wss
877,877,rational
878,878,purify
879,879,jsf
880,880,web2.0
881,881,microformats
882,882,clickfraud
883,883,hitcounter
884,884,popular
885,885,desktop
886,886,laptop
887,887,licensing
888,888,product-management
889,889,internet-explorer-6
890,890,html5
891,891,doctype
892,892,xcode
893,893,informix
894,894,spl
895,895,wiki
896,896,utf-8
897,897,asp.net-mvc-routing
898,898,request
899,899,home-server
900,900,cmd
901,901,pointers
902,902,firebug
903,903,graphing
904,904,exit
905,905,pagerank
906,906,spidering
907,907,nothing
908,908,inheritance
909,909,patch
910,910,wysiwyg
911,911,ms-access
912,912,rcp
913,913,jnlp
914,914,backwards-compatibility
915,915,dnsmasq
916,916,n-tier
917,917,linker
918,918,vc6
919,919,genealogy
920,920,resume
921,921,cv
922,922,urllib
923,923,client-scripting
924,924,folding
925,925,yahoo-api
926,926,yahoo-maps
927,927,uuid
928,928,log4net
929,929,helpfile
930,930,gltail
931,931,versions
932,932,archive
933,933,connection-string
934,934,process
935,935,scsf
936,936,software-factory
937,937,eclipse-3.4
938,938,ganymede
939,939,multiple-monitors
940,940,customization
941,941,hr
942,942,spying
943,943,uint
944,944,unsigned-integer
945,945,cls-compliant
946,946,haml
947,947,exercise
948,948,webkit
949,949,foreign-keys
950,950,msdnsubscriptions
951,951,sybase-ase
952,952,outlook
953,953,gmail
954,954,icalendar
955,955,recurrence
956,956,enumeration
957,957,google-app-engine
958,958,redistributable
959,959,radio-button
960,960,new-project
961,961,awk
962,962,aix
963,963,howto
964,964,filter
965,965,scheme
966,966,continuations
967,967,puzzle
968,968,covariance
969,969,cocoa
970,970,notifications
971,971,configuration-files
972,972,ini
973,973,plot
974,974,rule-engine
975,975,register-globals
976,976,loading
977,977,junit
978,978,testng
979,979,tutorials
980,980,aop
981,981,asp.net-2.0
982,982,java-7
983,983,openjdk
984,984,icedtea
985,985,stringbuilder
986,986,string.format
987,987,gzip
988,988,base64
989,989,debian
990,990,scalability
991,991,recreational-programming
992,992,defensive-programming
993,993,lua
994,994,add-on
995,995,world-of-warcraft
996,996,compact-framework
997,997,corecon
998,998,code-reuse
999,999,construction
1000,1000,lazy-initialization
1001,1001,jeff
1002,1002,shader
1003,1003,mp3
1004,1004,flv
1005,1005,mp4
1006,1006,so-tool
1007,1007,google-perftools
1008,1008,upvote
1009,1009,repair
1010,1010,non-technical
1011,1011,xna
1012,1012,skins
1013,1013,graph-layout
1014,1014,team
1015,1015,passion
1016,1016,academia
1017,1017,embedded
1018,1018,cross-browser
1019,1019,rounded-corners
1020,1020,certification
1021,1021,mcts
1022,1022,mcpd
1023,1023,usersgroup
1024,1024,ignoreme
1025,1025,filenames
1026,1026,release
1027,1027,animation
1028,1028,nintendo-ds
1029,1029,extension-methods
1030,1030,resin
1031,1031,caucho
1032,1032,scrollbar
1033,1033,mental-health
1034,1034,pop3
1035,1035,bouncedemail
1036,1036,enums
1037,1037,flags
1038,1038,geometry
1039,1039,applet
1040,1040,whitespace
1041,1041,line-breaks
1042,1042,turing-machines
1043,1043,turing-complete
1044,1044,refactoring
1045,1045,profit
1046,1046,buffer-overflow
1047,1047,answer
1048,1048,clarification
1049,1049,creative-commons
1050,1050,favorites
1051,1051,source-code
1052,1052,components
1053,1053,autoconf
1054,1054,automake
1055,1055,selenium
1056,1056,prototypejs
1057,1057,stress-testing
1058,1058,webapplicationstresstool
1059,1059,pylot
1060,1060,linq-to-objects
1061,1061,stack
1062,1062,heap
1063,1063,bigdecimal
1064,1064,mathcontext
1065,1065,codinghorror
1066,1066,authorization
1067,1067,rest-security
1068,1068,abap
1069,1069,uservoice
1070,1070,rebuild
1071,1071,maintenance-plan
1072,1072,reorganize
1073,1073,xaml
1074,1074,ws-security
1075,1075,bit-manipulation
1076,1076,bit-shift
1077,1077,unique
1078,1078,duplicates
1079,1079,wgs84
1080,1080,naming-conventions
1081,1081,redirect
1082,1082,symlink
1083,1083,serialization
1084,1084,encoding
1085,1085,linked-list
1086,1086,mergesort
1087,1087,contracting
1088,1088,msdtc
1089,1089,internet-explorer-8
1090,1090,overflow
1091,1091,dataview
1092,1092,swt
1093,1093,executable
1094,1094,software-distribution
1095,1095,binding
1096,1096,myeclipse
1097,1097,activerecord
1098,1098,inequality
1099,1099,post-commit
1100,1100,post-commit-hook
1101,1101,sysobjects
1102,1102,html-select
1103,1103,w3c
1104,1104,qstring
1105,1105,version
1106,1106,control
1107,1107,versioncontrol
1108,1108,rsync
1109,1109,itunes
1110,1110,business
1111,1111,interface
1112,1112,fallback
1113,1113,binary-log
1114,1114,visualsvn-server
1115,1115,crc32
1116,1116,extensibility
1117,1117,html-helper
1118,1118,pylons
1119,1119,cooperation
1120,1120,insert
1121,1121,instrumentation
1122,1122,enterprise
1123,1123,connection-pooling
1124,1124,entourage
1125,1125,filesize
1126,1126,visual-studio-2003
1127,1127,first-chance-exception
1128,1128,unit-of-work
1129,1129,grammar
1130,1130,character
1131,1131,repository
1132,1132,redundancy
1133,1133,jboss
1134,1134,reportingservices-2005
1135,1135,f#
1136,1136,currying
1137,1137,ram-scraping
1138,1138,command
1139,1139,procmail
1140,1140,practice
1141,1141,alert
1142,1142,locking
1143,1143,spring
1144,1144,java-me
1145,1145,seeding
1146,1146,sdk
1147,1147,render
1148,1148,virtual-machine
1149,1149,globus-toolkit
1150,1150,recycle-bin
1151,1151,numeric
1152,1152,crystal-reports
1153,1153,entity-framework
1154,1154,opera
1155,1155,strtotime
1156,1156,visual-studio-2008-sp1
1157,1157,xpath
1158,1158,nodes
1159,1159,mixed
1160,1160,unhandled
1161,1161,pear
1162,1162,server-response
1163,1163,mdi
1164,1164,dashcode
1165,1165,mfc-feature-pack
1166,1166,activereports
1167,1167,applescript
1168,1168,acrobat
1169,1169,phppgadmin
1170,1170,memcached
1171,1171,.net-1.1
1172,1172,xmlsocket
1173,1173,nic
1174,1174,metadata
1175,1175,wia
1176,1176,image-scanner
1177,1177,isight
1178,1178,conditional-operator
1179,1179,operator-precedence
1180,1180,emulator
1181,1181,device
1182,1182,varchar
1183,1183,tips-and-tricks
1184,1184,hidden-features
1185,1185,syntax-highlighting
1186,1186,drag-and-drop
1187,1187,yui
1188,1188,grep
1189,1189,guide
1190,1190,bookmarklet
1191,1191,bookmarks
1192,1192,select
1193,1193,enterprise-library
1194,1194,language
1195,1195,bug-tracking
1196,1196,ontime
1197,1197,developer-machine
1198,1198,file-extension
1199,1199,dependencies
1200,1200,il
1201,1201,offsite
1202,1202,perforce
1203,1203,data-manipulation
1204,1204,automatic-properties
1205,1205,static
1206,1206,quickbooks
1207,1207,accounting
1208,1208,monitoring
1209,1209,explorer
1210,1210,windows-shell
1211,1211,icefaces
1212,1212,iis-7
1213,1213,ilmerge
1214,1214,sql-server-2005-express
1215,1215,datagrid
1216,1216,report
1217,1217,function
1218,1218,listener
1219,1219,responsive-design
1220,1220,wap
1221,1221,wml
1222,1222,openbsd
1223,1223,xinc
1224,1224,spellchecking
1225,1225,production
1226,1226,history
1227,1227,inspiration
1228,1228,review
1229,1229,c++-cli
1230,1230,mixed-mode
1231,1231,makefile
1232,1232,directoryservices
1233,1233,distribution-list
1234,1234,svg
1235,1235,vector-graphics
1236,1236,vml
1237,1237,waveout
1238,1238,technologies
1239,1239,manager
1240,1240,table-structure
1241,1241,visibility
1242,1242,ccombobox
1243,1243,intellectual-property
1244,1244,flexbuilder
1245,1245,textmate
1246,1246,rights
1247,1247,oracle-xe
1248,1248,stresstesting
1249,1249,mootools
1250,1250,erp
1251,1251,exchange
1252,1252,tag-soup
1253,1253,classic
1254,1254,backtracking
1255,1255,dynamics
1256,1256,normalizing
1257,1257,office-automation
1258,1258,project-management-tools
1259,1259,containers
1260,1260,highavailability
1261,1261,themes
1262,1262,color-scheme
1263,1263,releasing
1264,1264,features
1265,1265,emoticons
1266,1266,smilies
1267,1267,gps
1268,1268,user-agent
1269,1269,pagination
1270,1270,sad
1271,1271,text-parsing
1272,1272,delimited-text
1273,1273,compiler
1274,1274,phpunit
1275,1275,png
1276,1276,transparency
1277,1277,android
1278,1278,design-decisions
1279,1279,jaxer
1280,1280,foxpro
1281,1281,windows-ce
1282,1282,buffer
1283,1283,strtol
1284,1284,ms-word
1285,1285,openxml
1286,1286,endianness
1287,1287,hex-editors
1288,1288,impersonation
1289,1289,set
1290,1290,touch-typing
1291,1291,interpolation
1292,1292,bezier
1293,1293,curve
1294,1294,free-software
1295,1295,tnsnames
1296,1296,tns
1297,1297,dbunit
1298,1298,db2-luw
1299,1299,portability
1300,1300,linq-to-entities
1301,1301,hackernews
1302,1302,cygwin
1303,1303,voip
1304,1304,voice
1305,1305,telephony
1306,1306,ivr
1307,1307,dynamic-binding
1308,1308,static-binding
1309,1309,stax
1310,1310,webpage
1311,1311,raid
1312,1312,disk
1313,1313,greasemonkey
1314,1314,outputcache
1315,1315,language-features
1316,1316,ptrace
1317,1317,rpc
1318,1318,organizer
1319,1319,editing
1320,1320,nas
1321,1321,qa
1322,1322,cursors
1323,1323,integration-testing
1324,1324,web-site-project
1325,1325,web-application-project
1326,1326,adam
1327,1327,azman
1328,1328,cocoa-touch
1329,1329,html-lists
1330,1330,roman-numerals
1331,1331,fillfactor
1332,1332,input-validation
1333,1333,e4x
1334,1334,platform
1335,1335,trace
1336,1336,mediawiki
1337,1337,knowledge-management
1338,1338,ikvm
1339,1339,gnu-classpath
1340,1340,alias
1341,1341,excel-vba
1342,1342,user-defined-functions
1343,1343,swig
1344,1344,byte
1345,1345,unsigned
1346,1346,signed
1347,1347,readability
1348,1348,mobile-website
1349,1349,drawing
1350,1350,workflow-foundation
1351,1351,maththeorems
1352,1352,trialware
1353,1353,attributes
1354,1354,vba
1355,1355,label
1356,1356,argotic
1357,1357,twain
1358,1358,webobjects
1359,1359,numbers
1360,1360,base-class
1361,1361,class-members
1362,1362,name-lookup
1363,1363,development-practice
1364,1364,power-management
1365,1365,automation
1366,1366,sharepoint-wiki
1367,1367,partition
1368,1368,swap
1369,1369,cxf
1370,1370,axis
1371,1371,stl
1372,1372,c++-faq
1373,1373,indesign
1374,1374,mime
1375,1375,wiki-engine
1376,1376,management
1377,1377,postsale
1378,1378,fileparse
1379,1379,time
1380,1380,efs
1381,1381,success
1382,1382,shipping
1383,1383,scrum
1384,1384,hyper-v
1385,1385,unzip
1386,1386,json
1387,1387,persistence
1388,1388,publish
1389,1389,file-upload
1390,1390,indentation
1391,1391,tagging
1392,1392,change-management
1393,1393,strongname
1394,1394,sn.exe
1395,1395,bitching
1396,1396,funny
1397,1397,routing
1398,1398,router
1399,1399,nlog
1400,1400,health-monitoring
1401,1401,post
1402,1402,promotions
1403,1403,system-integration
1404,1404,samba
1405,1405,shopping-cart
1406,1406,crash-dumps
1407,1407,bsod
1408,1408,constructor
1409,1409,delegates
1410,1410,map
1411,1411,paper-trail
1412,1412,module
1413,1413,reflector
1414,1414,n2
1415,1415,timeline
1416,1416,repeater
1417,1417,porting
1418,1418,fopen
1419,1419,trac
1420,1420,bugzilla
1421,1421,main
1422,1422,revision
1423,1423,dispose
1424,1424,visual-sourcesafe-plugin
1425,1425,virtualpathprovider
1426,1426,failover
1427,1427,session-replication
1428,1428,folders
1429,1429,common-tasks
1430,1430,atom
1431,1431,binary-tree
1432,1432,datepart
1433,1433,metrics
1434,1434,counter
1435,1435,hit
1436,1436,tibco
1437,1437,ssas
1438,1438,lxml
1439,1439,doctest
1440,1440,msxml
1441,1441,share
1442,1442,calendar
1443,1443,acl
1444,1444,mysqli
1445,1445,listview
1446,1446,gd
1447,1447,jpeg
1448,1448,codegear
1449,1449,delphi-xe
1450,1450,ironpython
1451,1451,xmldocument
1452,1452,xmlnode
1453,1453,xmlnodelist
1454,1454,quality
1455,1455,svn-repository
1456,1456,retrospectives
1457,1457,post-mortem
1458,1458,location
1459,1459,zipcode
1460,1460,dbnull
1461,1461,jsp
1462,1462,tomcat
1463,1463,denormalization
1464,1464,bestpractices
1465,1465,infopath
1466,1466,closures
1467,1467,zend-optimizer
1468,1468,code-ownership
1469,1469,soap
1470,1470,lorem
1471,1471,ipsum
1472,1472,dolor
1473,1473,sit
1474,1474,amet
1475,1475,consectetuer
1476,1476,value-type
1477,1477,reference-type
1478,1478,boxing
1479,1479,unboxing
1480,1480,self-answer
1481,1481,pdc
1482,1482,teaching
1483,1483,chair
1484,1484,homeoffice
1485,1485,arts
1486,1486,sicp
1487,1487,cruisecontrol.rb
1488,1488,distributed-system
1489,1489,struts
1490,1490,codeigniter
1491,1491,system.drawing
1492,1492,mike
1493,1493,stone
1494,1494,estimation
1495,1495,time-management
1496,1496,multi-tenant
1497,1497,scroll
1498,1498,callstack
1499,1499,vcl
1500,1500,mindmapping
1501,1501,synchronization
1502,1502,distributed
1503,1503,reminders
1504,1504,gridview
1505,1505,bootstrapping
1506,1506,upsert
1507,1507,cad
1508,1508,dragon-book
1509,1509,library
1510,1510,pdo
1511,1511,database-abstraction
1512,1512,human-readable
1513,1513,playstation-portable
1514,1514,robotics
1515,1515,labview
1516,1516,graphical-language
1517,1517,zend-framework
1518,1518,visualsvn
1519,1519,ankhsvn
1520,1520,personal
1521,1521,intellij-idea
1522,1522,backreference
1523,1523,categories
1524,1524,sudo
1525,1525,logfiles
1526,1526,msdn
1527,1527,mount
1528,1528,iso
1529,1529,.net-1.0
1530,1530,picasa
1531,1531,photo-management
1532,1532,.net-client-profile
1533,1533,interpreter
1534,1534,revenue
1535,1535,genetic-algorithm
1536,1536,genetic-programming
1537,1537,evolutionary-algorithm
1538,1538,erd
1539,1539,automated-tests
1540,1540,stdin
1541,1541,boost-graph
1542,1542,latex
1543,1543,matrix
1544,1544,wxwidgets
1545,1545,pascal
1546,1546,languages
1547,1547,mxml
1548,1548,glut
1549,1549,boost
1550,1550,add-in
1551,1551,planning
1552,1552,text-processing
1553,1553,ppc
1554,1554,opencv
1555,1555,resolutions
1556,1556,fbo
1557,1557,batch-file
1558,1558,textures
1559,1559,bitmap
1560,1560,monochrome
1561,1561,chat
1562,1562,state
1563,1563,cg
1564,1564,dynamics-crm
1565,1565,scrollwheel
1566,1566,deprecated
1567,1567,character-properties
1568,1568,osgi
1569,1569,class-design
1570,1570,class-designer
1571,1571,glew
1572,1572,pyobjc
1573,1573,jit
1574,1574,delphi-2007
1575,1575,bit-fields
1576,1576,nunit
1577,1577,ssrs-2008
1578,1578,case-study
1579,1579,sybase
1580,1580,sofaq-official
1581,1581,abstract-class
1582,1582,static-methods
1583,1583,interface-design
1584,1584,combobox
1585,1585,urlrewriter
1586,1586,oracle-pro-c
1587,1587,putty
1588,1588,console
1589,1589,freelance
1590,1590,include
1591,1591,shtml
1592,1592,ejb-3.0
1593,1593,scjp
1594,1594,safety
1595,1595,dotnetnuke
1596,1596,speech-recognition
1597,1597,sql-server-express
1598,1598,third-party
1599,1599,combinations
1600,1600,np-complete
1601,1601,build
1602,1602,pdf-generation
1603,1603,work-environment
1604,1604,servicepacks
1605,1605,procedure
1606,1606,background-music
1607,1607,rendering
1608,1608,watin
1609,1609,dailybuilds
1610,1610,out-of-memory
1611,1611,replace
1612,1612,ms-access-2000
1613,1613,vsto
1614,1614,pcre
1615,1615,ocaml
1616,1616,rpg
1617,1617,infragistics
1618,1618,ultrawebgrid
1619,1619,c-preprocessor
1620,1620,overhead
1621,1621,utc
1622,1622,lorem-ipsum
1623,1623,data-driven
1624,1624,uml
1625,1625,modeling
1626,1626,web-config
1627,1627,c++builder
1628,1628,consolas
1629,1629,disclosure
1630,1630,gdi+
1631,1631,ilist
1632,1632,sourceforge
1633,1633,dojo
1634,1634,ideapipe
1635,1635,wrox
1636,1636,text-input
1637,1637,visualization
1638,1638,garbage-collection
1639,1639,eol
1640,1640,stripes
1641,1641,yaml
1642,1642,google-analytics
1643,1643,google-analytics-api
1644,1644,web-deployment-project
1645,1645,frontend
1646,1646,dtd
1647,1647,virtual-pc
1648,1648,vnc
1649,1649,navigation
1650,1650,suckerfish
1651,1651,message
1652,1652,msg
1653,1653,xquery
1654,1654,yarns
1655,1655,solr
1656,1656,usercontrols
1657,1657,alphablending
1658,1658,sql-server-agent
1659,1659,processes
1660,1660,ctypes
1661,1661,python-sip
1662,1662,nfsclient
1663,1663,logfile-analysis
1664,1664,trunk
1665,1665,extends
1666,1666,cvsnt
1667,1667,feeds
1668,1668,use-case
1669,1669,eruby
1670,1670,crackoverflow
1671,1671,aa
1672,1672,web-hosting
1673,1673,cname
1674,1674,diskspace
1675,1675,administration
1676,1676,portlet
1677,1677,portal
1678,1678,jsr168
1679,1679,vignette
1680,1680,ms-dos
1681,1681,entity
1682,1682,street-address
1683,1683,numerical
1684,1684,axis2
1685,1685,wse
1686,1686,event-handling
1687,1687,maven-2
1688,1688,restore
1689,1689,terminology
1690,1690,edit-and-continue
1691,1691,voting
1692,1692,dotnetopenauth
1693,1693,needs-editing
1694,1694,locale
1695,1695,algebraic-data-types
1696,1696,reporting
1697,1697,project-structure
1698,1698,type-library
1699,1699,com-hell
1700,1700,system.io.fileinfo
1701,1701,data-controls
1702,1702,jvm
1703,1703,rack
1704,1704,identity
1705,1705,rfc3339
1706,1706,disk-partitioning
1707,1707,jms
1708,1708,encode
1709,1709,test-data
1710,1710,tr2
1711,1711,yield
1712,1712,palm-os
1713,1713,garnet-os
1714,1714,codewarrior
1715,1715,prc-tools
1716,1716,useless-nonsense
1717,1717,injection
1718,1718,silverlight-3.0
1719,1719,records
1720,1720,gdb
1721,1721,valgrind
1722,1722,nginx
1723,1723,cgi
1724,1724,encapsulation
1725,1725,friend
1726,1726,cmyk
1727,1727,override
1728,1728,metrowerks
1729,1729,visual-sourcesafe
1730,1730,uac
1731,1731,elevated-privileges
1732,1732,commercial
1733,1733,wmd
1734,1734,ndoc
1735,1735,word-wrap
1736,1736,psu
1737,1737,websvn
1738,1738,posix
1739,1739,hadoop
1740,1740,shared-nothing
1741,1741,assert
1742,1742,openssl
1743,1743,certificate-authority
1744,1744,live-meeting
1745,1745,pps
1746,1746,install
1747,1747,rdf
1748,1748,sesame
1749,1749,esoteric-languages
1750,1750,iwork
1751,1751,packaging
1752,1752,listbox
1753,1753,activex
1754,1754,sifr
1755,1755,installshield
1756,1756,coredump
1757,1757,tcsh
1758,1758,backport
1759,1759,imap
1760,1760,exam-70-536
1761,1761,webbrowser-control
1762,1762,toad
1763,1763,usage-statistics
1764,1764,nvelocity
1765,1765,network-programming
1766,1766,intermittent
1767,1767,iis-6
1768,1768,kernel
1769,1769,drivers
1770,1770,stack-trace
1771,1771,sigsegv
1772,1772,extended-properties
1773,1773,specs
1774,1774,delphi-7
1775,1775,delphi-2006
1776,1776,winscp
1777,1777,web-farm
1778,1778,nasm
1779,1779,osdev
1780,1780,tcl
1781,1781,tivo
1782,1782,sdlc
1783,1783,firewall
1784,1784,boolean-logic
1785,1785,series
1786,1786,reuse
1787,1787,burritos
1788,1788,food
1789,1789,lunch
1790,1790,expandometaclass
1791,1791,input-devices
1792,1792,trackball
1793,1793,email-client
1794,1794,naming
1795,1795,entities
1796,1796,ui-automation
1797,1797,window-handles
1798,1798,gui-testing
1799,1799,scaling
1800,1800,viewdata
1801,1801,viewusercontrol
1802,1802,qtwebkit
1803,1803,object
1804,1804,key
1805,1805,duplicate-removal
1806,1806,cheat-sheet
1807,1807,apt
1808,1808,business-intelligence
1809,1809,drives
1810,1810,pretty-print
1811,1811,multiplatform
1812,1812,beautifier
1813,1813,rms
1814,1814,answers
1815,1815,winsxs
1816,1816,lan
1817,1817,centos5
1818,1818,menu-items
1819,1819,pipe
1820,1820,expression
1821,1821,mutex
1822,1822,iterator
1823,1823,jsonp
1824,1824,tray
1825,1825,accurev
1826,1826,categorization
1827,1827,finder
1828,1828,osx-leopard
1829,1829,transpose
1830,1830,cassini
1831,1831,dep
1832,1832,goto
1833,1833,trayicon
1834,1834,gas
1835,1835,social-media
1836,1836,integral-media
1837,1837,hgignore
1838,1838,content-management
1839,1839,directdraw
1840,1840,dds-format
1841,1841,.net-attributes
1842,1842,file-permissions
1843,1843,multithreaded
1844,1844,referential-integrity
1845,1845,boo
1846,1846,sourcecode
1847,1847,disassembler
1848,1848,cheater
1849,1849,destructor
1850,1850,configurationmanager
1851,1851,metatroll
1852,1852,inode
1853,1853,query
1854,1854,regsvr32
1855,1855,dllregistration
1856,1856,entity-relationship
1857,1857,jcheckbox
1858,1858,opengl-3
1859,1859,data-access
1860,1860,load
1861,1861,routes
1862,1862,attachment-fu
1863,1863,comet
1864,1864,deadlock
1865,1865,children
1866,1866,command-line-arguments
1867,1867,plsql
1868,1868,xml-serialization
1869,1869,cil
1870,1870,innodb
1871,1871,myisam
1872,1872,ordinals
1873,1873,antivirus
1874,1874,mstest
1875,1875,yellow-screen-of-death
1876,1876,visio
1877,1877,reportviewer
1878,1878,reportviewer2008
1879,1879,3des
1880,1880,webresource
1881,1881,offline
1882,1882,error-logging
1883,1883,database-table
1884,1884,invariants
1885,1885,rtf
1886,1886,ssis
1887,1887,netbeans
1888,1888,timestamp
1889,1889,checksum
1890,1890,scope
1891,1891,class-method
1892,1892,access-specifier
1893,1893,specman
1894,1894,eda
1895,1895,cas
1896,1896,ria
1897,1897,stringstream
1898,1898,red-black-tree
1899,1899,many-to-many
1900,1900,action
1901,1901,bitsets
1902,1902,code-analysis
1903,1903,so-browser-enhancement
1904,1904,opensearch
1905,1905,dcom
1906,1906,macports
1907,1907,fink
1908,1908,data-modeling
1909,1909,jpanel
1910,1910,netstat
1911,1911,recovery
1912,1912,esx
1913,1913,redhat
1914,1914,backupexec
1915,1915,symantec
1916,1916,mark
1917,1917,as
1918,1918,wikiengine
1919,1919,model-driven
1920,1920,fraud-detection
1921,1921,webparts
1922,1922,dashboard
1923,1923,actionscript
1924,1924,db4o
1925,1925,visual-web-developer
1926,1926,facebook
1927,1927,batch-processing
1928,1928,django-models
1929,1929,sleep
1930,1930,shared-hosting
1931,1931,hostmonster
1932,1932,internet
1933,1933,bittorrent
1934,1934,entertainment
1935,1935,offshoring
1936,1936,user-management
1937,1937,usergroups
1938,1938,xmlide
1939,1939,virtual-inheritance
1940,1940,multisampling
1941,1941,ruby-1.9
1942,1942,ruby-1.8
1943,1943,transactions
1944,1944,xtunit
1945,1945,com+
1946,1946,header-files
1947,1947,j
1948,1948,uri
1949,1949,authority
1950,1950,iostream
1951,1951,fstream
1952,1952,data-loss
1953,1953,so-notice
1954,1954,bits
1955,1955,gin
1956,1956,gist-index
1957,1957,billing
1958,1958,linq-to-xml
1959,1959,vb.net-to-c#
1960,1960,annoyance
1961,1961,single-sign-on
1962,1962,computer-forensics
1963,1963,semantics
1964,1964,zemanta
1965,1965,ms-project
1966,1966,gantt-chart
1967,1967,ntlm
1968,1968,httpserver
1969,1969,return-value
1970,1970,tfs2008
1971,1971,tfs2005
1972,1972,nt4
1973,1973,limits
1974,1974,etl
1975,1975,arm
1976,1976,intranet
1977,1977,jcifs
1978,1978,security-zone
1979,1979,udp
1980,1980,broadcast
1981,1981,x86-64
1982,1982,word-vba
1983,1983,push
1984,1984,duplex
1985,1985,doctrine
1986,1986,propel
1987,1987,amazon-ec2
1988,1988,updatepanel
1989,1989,imac
1990,1990,spam
1991,1991,ssms
1992,1992,kr-c
1993,1993,c89
1994,1994,formview
1995,1995,autorefresh
1996,1996,amazon-web-services
1997,1997,string-formatting
1998,1998,tortoisecvs
1999,1999,plink
2000,2000,dependency-management
2001,2001,scriptmanager
2002,2002,arguments
2003,2003,compare
2004,2004,management-studio
2005,2005,workitem
2006,2006,terminal-services
2007,2007,rdp
2008,2008,xls
2009,2009,file-format
2010,2010,thunderbird
2011,2011,mork
2012,2012,capistrano
2013,2013,wisa
2014,2014,win64
2015,2015,back-button
2016,2016,microsoft-dynamics
2017,2017,hid
2018,2018,user-experience
2019,2019,user-review
2020,2020,programming-paradigms
2021,2021,procedural-programming
2022,2022,prime-factoring
2023,2023,atwood
2024,2024,fanboi
2025,2025,codingstandards
2026,2026,dinosaurs
2027,2027,delete-me-upon-launch
2028,2028,lwuit
2029,2029,subprocess
2030,2030,fork
2031,2031,gigaspaces
2032,2032,siegfried
2033,2033,roy
2034,2034,tigers
2035,2035,finance
2036,2036,nda
2037,2037,md5
2038,2038,crypt
2039,2039,webby
2040,2040,translation
2041,2041,trigonometry
2042,2042,geography
2043,2043,geolocation
2044,2044,gac
2045,2045,login
2046,2046,groups
2047,2047,spell-checking
2048,2048,product
2049,2049,nlp
2050,2050,lazy
2051,2051,program-structure
2052,2052,bufferedimage
2053,2053,colorize
2054,2054,bubble-chart
2055,2055,postfix-mta
2056,2056,mail-server
2057,2057,autoload
2058,2058,velocity
2059,2059,imperative-programming
2060,2060,pronunciation
2061,2061,lines-of-code
2062,2062,sloc
2063,2063,image-recognition
2064,2064,pair-programming
2065,2065,proc-object
2066,2066,cryptography
2067,2067,score
2068,2068,study
2069,2069,alignment
2070,2070,castle-monorail
2071,2071,hbase
2072,2072,hive
2073,2073,development-process
2074,2074,thumbnails
2075,2075,qitemdelegate
2076,2076,stupid-question
2077,2077,coderush
2078,2078,annotations
2079,2079,code-injection
2080,2080,duplicate-question
2081,2081,copy
2082,2082,shoes
2083,2083,pseudo-code
2084,2084,death-march
2085,2085,dav
2086,2086,key-events
2087,2087,web-frameworks
2088,2088,iptc
2089,2089,pivot
2090,2090,passive-view
2091,2091,architectural-patterns
2092,2092,profanity
2093,2093,yacc
2094,2094,boolean
2095,2095,bitwise-operators
2096,2096,wikipedia
2097,2097,lwp
2098,2098,gem
2099,2099,rich-internet-application
2100,2100,webex
2101,2101,dao
2102,2102,abstraction
2103,2103,ooad
2104,2104,information-hiding
2105,2105,strategy-pattern
2106,2106,factory-method
2107,2107,bsd
2108,2108,high-load
2109,2109,acm-icpc
2110,2110,business-model
2111,2111,advertising
2112,2112,ado
2113,2113,firefox-addon
2114,2114,workflow-activity
2115,2115,eeepc
2116,2116,settimeout
2117,2117,post-increment
2118,2118,pre-increment
2119,2119,virtualbox
2120,2120,gcc
2121,2121,biztalk
2122,2122,biztalk2006r2
2123,2123,simpletest
2124,2124,mdx
2125,2125,java-io
2126,2126,domain-driven-design
2127,2127,common-lisp
2128,2128,clisp
2129,2129,contracts
2130,2130,correctness
2131,2131,formal-methods
2132,2132,formal-verification
2133,2133,model-checking
2134,2134,symfony1
2135,2135,sites
2136,2136,swift-mt
2137,2137,open-with
2138,2138,fckeditor
2139,2139,friendly-url
2140,2140,slug
2141,2141,signals
2142,2142,sigprocmask
2143,2143,freetext
2144,2144,belongs-on-meta
2145,2145,bubble-sort
2146,2146,bignum
2147,2147,shared
2148,2148,project-euler
2149,2149,plugin-architecture
2150,2150,antlr
2151,2151,script.vote-count-p
2152,2152,daemon
2153,2153,data-migration
2154,2154,prize
2155,2155,shutdown
2156,2156,pygtk
2157,2157,sdl
2158,2158,pygame
2159,2159,text-extraction
2160,2160,pdf-scraping
2161,2161,railo
2162,2162,algebra
2163,2163,vauge
2164,2164,phpbb
2165,2165,execution
2166,2166,compile-time
2167,2167,ioctl
2168,2168,mailing-list
2169,2169,language-binding
